partition,client_id,mean_effective_lambda,observations,mean_reliability,mean_prediction_entropy
iid,0,0.79485288337564,3,0.7969762172017779,0.9804663424501223
iid,1,0.6939334785266665,1,0.6959874204226902,0.9788762909540479
iid,2,0.7738016827200965,3,0.7760388283502487,0.9792374477537188
iid,3,0.8189261669024573,4,0.8222404973847526,0.9738004304975609
iid,4,0.7749424291725592,1,0.7774399093219212,0.9775501162639536
iid,5,0.750210658040891,1,0.7525711570467267,0.9779295969641711
iid,6,0.7503686954274617,3,0.7531270697003318,0.975412163046271
iid,7,0.8049598155145552,4,0.8067720447267804,0.9827734628005966
iid,8,0.7298185747341466,1,0.7319493549210685,0.979084215642427
iid,9,0.7578936380705827,2,0.7597330127443587,0.981744783316554
iid,10,0.7675066859373866,3,0.7691956417901175,0.9830973567009528
iid,11,0.8133569329678663,4,0.8158111103943416,0.9787059248744328
iid,12,0.781023597279252,4,0.7836644841091973,0.9768144889563688
iid,13,0.7786261623345765,2,0.7810532876423426,0.978078946297346
iid,14,0.7577570238184558,3,0.7592895371573313,0.9841242925595234
iid,15,0.7998475692127011,6,0.8021389146645864,0.9794017845294966
iid,16,0.790260262791687,3,0.7937687465122768,0.9721683868529238
iid,17,0.7170320360308287,1,0.7189043079103742,0.9807241903122053
iid,18,0.7636117029855625,5,0.7660262073789323,0.9778277014006953
iid,19,0.7538865616838303,2,0.7564625612327031,0.9765994564758651
iid,21,0.7694615535897739,6,0.7719662558464777,0.9775132896367525
iid,22,0.8204507595658349,3,0.8229313436008635,0.9785588685961321
iid,23,0.7978742167054598,4,0.8010845695223128,0.9738134762835725
iid,24,0.7435123394382935,2,0.7457721318517412,0.978482169797178
iid,25,0.7997035278307998,2,0.801553990159716,0.982386221725535
iid,26,0.8210474878617235,4,0.8235430270433426,0.9785004732253519
iid,27,0.82315868782959,3,0.8259851450011843,0.976541256264409
iid,28,0.8216426526149008,4,0.8240718415805273,0.9788928790723509
iid,29,0.8015073677868809,2,0.8039761015347072,0.9782526560557667
iid,30,0.7797403142271415,3,0.7828408366157896,0.9740759292784458
iid,31,0.8157237769699215,3,0.8180061805815924,0.9797429537735427
iid,32,0.8121856430070262,2,0.8140246910708291,0.9827089811857912
iid,33,0.73458245772375,1,0.7364767449242728,0.980901543548683
iid,34,0.8089663235438268,4,0.811039081641606,0.9810449834144093
iid,35,0.7517215063096373,4,0.7538412788084574,0.9796168040633584
iid,36,0.8013545043569927,4,0.8034529643399374,0.9807522742235677
iid,37,0.8494651221732605,7,0.8518462837958822,0.9797228689006515
iid,38,0.8080387122111035,4,0.8108923243624824,0.9760815565110497
iid,39,0.8037787602308035,3,0.8070970830463229,0.973396052664166
iid,40,0.7732026953375319,2,0.776522832257407,0.9726416084084186
iid,41,0.7834982408941666,3,0.7855907394772483,0.980385927864866
iid,43,0.7322881243807372,1,0.7348221966198513,0.9763962978130678
iid,44,0.8233037641472236,4,0.8252896815538406,0.981866033862874
iid,45,0.7845669178168622,4,0.787223098533494,0.9767944242507707
iid,46,0.7709638136370798,4,0.7731137509856906,0.979803932214204
iid,47,0.8010320399359367,2,0.8035377519471305,0.9780162061079037
iid,48,0.7588872220211456,4,0.7613454865557807,0.9774799131504253
iid,49,0.8304613685806049,6,0.8333149396237873,0.9767299398871957
iid,50,0.8394425558217604,4,0.8426431843212674,0.9747888114698054
iid,51,0.789239258221622,2,0.7911208357129778,0.9819871913654691
iid,52,0.7783956215613005,3,0.7805513909884861,0.9798747733840486
iid,53,0.7701270339237389,4,0.7728900547538484,0.9758205171180124
iid,54,0.7867326826143072,1,0.7898757968630109,0.9739404557653722
iid,56,0.8119944483363428,4,0.814863920211792,0.9760732474891065
iid,57,0.8076861303012913,4,0.8101972533123833,0.9782075122395342
iid,58,0.8242975179648879,3,0.827142445814042,0.9765082769624662
iid,59,0.7131822515601138,1,0.7157418216977801,0.9757893105320402
iid,60,0.7918878595200488,5,0.7949389066014971,0.974609078914576
iid,61,0.7484320675683674,1,0.7500705804143634,0.9831144502445772
iid,62,0.8000425988802905,4,0.8015328730855669,0.985173676190466
iid,63,0.7364668203848247,3,0.7386342258680435,0.9789852538749276
iid,64,0.7672385834503643,2,0.7696173957415989,0.9782464552004824
iid,65,0.7863217231801255,3,0.7883979593004499,0.9805103279140038
iid,66,0.8136052644226686,2,0.8154843960489546,0.9824579797527524
iid,67,0.7436493050498206,2,0.7459785086768014,0.9780416081589678
iid,69,0.8637849367920982,4,0.8664115731205259,0.978510723722494
iid,70,0.7812045487056246,1,0.7837185604231698,0.9775732122821396
iid,71,0.7470607249819194,2,0.7496370502880642,0.976472808483996
iid,72,0.7442036089218731,2,0.7461971896035331,0.980416660024209
iid,73,0.7547426539869265,3,0.7570828653517223,0.9781589981788729
iid,74,0.823661427873144,6,0.8259721682185219,0.9796795537362785
iid,75,0.7875872165593241,2,0.7901096556867873,0.9776829836462729
iid,76,0.7875521916263715,5,0.7902044892311096,0.9768585464982456
iid,77,0.8071841376376979,6,0.8097100641046251,0.9781153970654969
iid,78,0.8224206903761817,3,0.8249551767394657,0.9783004542872072
iid,79,0.8164717324651379,3,0.8193786342938741,0.9759522156191623
iid,80,0.7704918833847477,3,0.7723334914162044,0.9818955652280544
iid,81,0.8469824161151663,5,0.8492499606949941,0.9803552937416351
iid,82,0.7472003455963944,1,0.749507052557809,0.978227530360713
iid,83,0.835385411447084,3,0.83788191704523,0.9787354417199216
iid,84,0.7610197709701794,3,0.7633293554896401,0.9784980522533179
iid,85,0.8102589431038308,2,0.8130665123462677,0.976386018511779
iid,86,0.8107127100478152,4,0.8129140606948309,0.9802053341927602
iid,87,0.7771520017829461,2,0.7792600393295288,0.9801690574113466
iid,88,0.7814371381489762,3,0.783878749325162,0.9780688975204609
iid,89,0.76960511518833,1,0.7718327215739659,0.9792146777724946
iid,90,0.7734998414110322,3,0.7761089148975554,0.9768188873298941
iid,91,0.7527899334537735,2,0.7544024246079581,0.9834295688064361
iid,92,0.8105333335559068,6,0.8135961138066792,0.9750640692051572
iid,93,0.7592517782098825,4,0.7618034843887602,0.9768858521375012
iid,94,0.7754725625705303,4,0.7778135899986539,0.9785734630962729
iid,95,0.7771336020339293,3,0.7789672187396458,0.9821883799959727
iid,96,0.776186272968709,4,0.7785913688795907,0.978194776894288
iid,97,0.7199351117779234,2,0.7221869656017849,0.9780950276714117
iid,98,0.8068714648258271,5,0.8096848334584917,0.9763847539575672
iid,99,0.844079758648216,4,0.8466853541987284,0.9782380661993378
beta_0.1,0,0.37192633473099873,4,0.40672006564480917,0.8780358779214715
beta_0.1,1,0.24631711082317567,7,0.27667989475386484,0.8701497830786253
beta_0.1,2,0.2997334843059351,2,0.3089590242930821,0.9217699466489702
beta_0.1,3,0.3875831851349171,2,0.42443291284143925,0.8759995468647699
beta_0.1,4,0.32248783419317045,4,0.3354205251671374,0.9166116181155316
beta_0.1,5,0.24524278830161508,2,0.25422810869557516,0.9188612819946903
beta_0.1,6,0.33881110312911805,2,0.3546869265181678,0.9069133188833356
beta_0.1,7,0.23866088049271997,1,0.2617289986875322,0.8751980904364743
beta_0.1,8,0.26646454131984465,3,0.2726822793483734,0.9305586877401074
beta_0.1,9,0.28871331014483553,3,0.30552958250045775,0.8978930067082939
beta_0.1,10,0.3374714562899987,1,0.37280252150126864,0.8715060068201926
beta_0.1,11,0.3089333586212513,1,0.32884826759497326,0.8927585575602991
beta_0.1,12,0.30040462802304835,3,0.34049048909434565,0.8614482627481652
beta_0.1,13,0.3808869783789752,2,0.4128391018935612,0.8841937746111204
beta_0.1,15,0.3102601813383678,1,0.3301999941468239,0.8928834400724615
beta_0.1,16,0.29668818559004917,4,0.32061932070387733,0.8849027852094198
beta_0.1,17,0.2901950173612893,4,0.3292362694111135,0.8641026030483046
beta_0.1,18,0.2606612699433486,1,0.26624483508723124,0.932567596993377
beta_0.1,19,0.3183261960667522,2,0.3282667547464371,0.9204085595577428
beta_0.1,20,0.38531515050973164,6,0.4290594228853782,0.8728096819354106
beta_0.1,21,0.3523728988441539,3,0.4060258709249042,0.8684057445767985
beta_0.1,22,0.2917288620029374,3,0.3065857482807977,0.905909615623736
beta_0.1,23,0.3060108646048025,1,0.3521157545702798,0.8535376998799564
beta_0.1,24,0.28975996341752125,6,0.3070736036256508,0.9183139876426774
beta_0.1,25,0.3168365471379136,3,0.3280860512029557,0.9177507425464951
beta_0.1,26,0.35956028408138146,6,0.4041797146201134,0.8670512835557115
beta_0.1,27,0.27220860700335553,6,0.2892956713007556,0.9085247979775408
beta_0.1,28,0.25524659178651476,3,0.26300096732598766,0.9286086756849109
beta_0.1,29,0.31555271883722225,6,0.33551141868035,0.8949070817313055
beta_0.1,30,0.33113465785608176,3,0.3491264879703522,0.9023424967914556
beta_0.1,31,0.33104665911139003,1,0.3510944147904714,0.8953101286268411
beta_0.1,32,0.22991981453373644,4,0.23667174639801183,0.9286944704537439
beta_0.1,33,0.27546121839408294,3,0.28444695188885644,0.9185879610475108
beta_0.1,34,0.30518282750231407,2,0.3219577946833202,0.899169668867307
beta_0.1,35,0.33291576758613417,4,0.4010927099734545,0.8433766105828381
beta_0.1,36,0.377825554186505,3,0.40641649936636287,0.8889522941791452
beta_0.1,37,0.3621231448251053,5,0.4414129325321743,0.8390686466643487
beta_0.1,38,0.41113763551047766,4,0.463586394675076,0.8685192258006189
beta_0.1,39,0.28389972100538663,2,0.2911745107599667,0.9270543398677212
beta_0.1,40,0.2886811558029165,2,0.29852866878112155,0.9172265426596944
beta_0.1,41,0.3713136259382907,4,0.38497327587434216,0.9245237902328685
beta_0.1,42,0.3278929375071575,6,0.3665780707572897,0.8829867164396671
beta_0.1,43,0.31823100506227275,4,0.3496389229382787,0.8796887818904465
beta_0.1,44,0.3050983286731796,3,0.31996453429261845,0.9087318577700202
beta_0.1,45,0.3461618016818808,5,0.3585764894882838,0.9161508124847103
beta_0.1,46,0.29743717712521917,3,0.3085790804276864,0.9168631663146533
beta_0.1,47,0.2765821746102495,4,0.283677910055433,0.926894356743338
beta_0.1,48,0.2940255803120675,5,0.3050718496243159,0.9157792268948493
beta_0.1,49,0.3276747254400402,3,0.3358549475669861,0.9295693012649536
beta_0.1,50,0.3431359274658219,3,0.36574172352751094,0.8927643224007129
beta_0.1,51,0.30198462534576287,5,0.3314617472035544,0.887288465158032
beta_0.1,52,0.28868466310575713,1,0.30876768061092924,0.8895931321774618
beta_0.1,53,0.3804775084810697,7,0.40771014615893364,0.8904385959558645
beta_0.1,54,0.3413374858691351,2,0.39022720498698094,0.8646855825113945
beta_0.1,55,0.34029355543362616,4,0.3500024126842618,0.9275176164998946
beta_0.1,56,0.2648312623139832,6,0.2894150263496808,0.8895194931027425
beta_0.1,58,0.26789663175267303,3,0.28737337280202796,0.890535438929744
beta_0.1,59,0.3267135025058441,3,0.33602526121669346,0.9278612867837515
beta_0.1,60,0.3276807413307047,2,0.3444538991898298,0.9084728539239146
beta_0.1,61,0.27476403017011186,2,0.2818930000066757,0.9267645257072019
beta_0.1,62,0.23904992489015248,2,0.24389074636357172,0.9357619227000677
beta_0.1,63,0.41186633337502454,3,0.49638602137565613,0.8382246883380521
beta_0.1,64,0.35363886613166384,3,0.5006841310748348,0.7916222472722149
beta_0.1,65,0.29233451799465104,4,0.3102461053058505,0.9076024751809775
beta_0.1,66,0.2631972805411655,5,0.29473247319459916,0.8697167198086149
beta_0.1,67,0.26356649388790154,1,0.27151565439999104,0.9213182188311309
beta_0.1,68,0.3078104003523011,2,0.32243871688842773,0.9079285322876998
beta_0.1,69,0.37869995449072236,3,0.4132943054040273,0.8808235097576578
beta_0.1,70,0.2656040708437821,3,0.2756960994253556,0.9146264450559659
beta_0.1,72,0.3366899684781637,5,0.3657465526035854,0.8905364553068849
beta_0.1,73,0.2993240810754916,5,0.30855734646320343,0.9215871892887076
beta_0.1,74,0.32729628410776346,5,0.34749415293335917,0.9010533505525853
beta_0.1,75,0.3351370004386862,2,0.3495679519006184,0.9096064985622734
beta_0.1,77,0.3147119808206854,4,0.32540221565536087,0.9229488052448938
beta_0.1,79,0.29943417092530245,2,0.3173356226512364,0.8974211001562191
beta_0.1,80,0.24109331920439414,2,0.24631637003686693,0.9317890351402528
beta_0.1,81,0.1935556378128645,1,0.264332028105855,0.7982292577188205
beta_0.1,82,0.4040306026918348,2,0.4411473982036114,0.8778034996132458
beta_0.1,83,0.3221840493418388,2,0.33434757962822914,0.9134059631670055
beta_0.1,84,0.32821802399808053,4,0.3430786435492337,0.9078962621123012
beta_0.1,85,0.401990085817618,4,0.4511242561042309,0.8662350367704854
beta_0.1,86,0.3167395537375859,2,0.33925164408153957,0.8886711197868318
beta_0.1,87,0.3137361014424007,2,0.33516365475952625,0.8911169231809539
beta_0.1,88,0.356358517406323,3,0.46722618614633876,0.828588882158408
beta_0.1,89,0.33187940277527,1,0.3438146582671574,0.9151561134642971
beta_0.1,90,0.32165941775645257,1,0.36744339764118195,0.856479481677166
beta_0.1,91,0.2538499652972903,4,0.2617567362529891,0.9206070252139544
beta_0.1,92,0.4103266399986096,1,0.4331407795349757,0.8987361171791798
beta_0.1,93,0.3258676487172119,3,0.3651116428275903,0.867518447467024
beta_0.1,94,0.3181930876341395,3,0.33164909702760204,0.9156089610492302
beta_0.1,95,0.36070549154746095,5,0.38745524883270266,0.9052084817833809
beta_0.1,96,0.3886590040279567,1,0.40710520318576265,0.9048992524200585
beta_0.1,97,0.3038035667580612,4,0.3293493539094925,0.8819256888656701
beta_0.1,98,0.3500427962457849,3,0.37692523188889027,0.9018044381235297
beta_0.1,99,0.3411543837582691,3,0.36281563714146614,0.89395506250855
