section,dataset,setting,partition,method,last_window_accuracy,source
Model (IID),CIFAR-100,ResNet18,IID,Plain,70.33600000000001,logs/reliability/logs_iid_fedavg_compare/iid/fedavg/plain_baseline.pkl
Model (IID),CIFAR-100,ResNet18,IID,Fixed \lambda=0.3,72.679,logs/lambda/analysis/logs_cifar100_fixed_lambda_t1_compact/iid/fedavg/fixed_lambda0p30_tkd1p00.pkl
Model (IID),CIFAR-100,ResNet18,IID,Adaptive,72.21,logs/lambda/adaptive/logs_soft_adaptive_tuning_stage1/iid/fedavg/soft_b_tkd1p00_lmax1p00_warm250_tau0p85.pkl
Model (IID),CIFAR-100,MobileNetV2,IID,Plain,60.698666666666654,logs/lambda/adaptive/logs_extension_completion/mobilenet/iid/fedavg/plain_r500.pkl
Model (IID),CIFAR-100,MobileNetV2,IID,Fixed \lambda=0.3,61.72733333333333,logs/lambda/adaptive/logs_extension_fixed_lambda_competitors/mobilenet/iid/fedavg/fixed_lambda0p30_tkd1p00_r500.pkl
Model (IID),CIFAR-100,MobileNetV2,IID,Adaptive,62.16466666666666,logs/lambda/adaptive/logs_extension_completion/mobilenet/iid/fedavg/soft_b_tkd1p00_lmax1p00_warm250_tau0p85_r500.pkl
FL algorithm,CIFAR-100,FedAvg,"mean(beta=0.5,beta=0.3)",Plain,66.32366666666667,logs/baseline/logs_plain_baseline_compare/beta_0.5/fedavg/baseline.pkl | logs/baseline/logs_plain_baseline_compare/beta_0.3/fedavg/baseline.pkl
FL algorithm,CIFAR-100,FedAvg,"mean(beta=0.5,beta=0.3)",Fixed \lambda=0.3,67.15683333333334,logs/lambda/analysis/logs_cifar100_fixed_lambda_t1_compact/beta_0.5/fedavg/fixed_lambda0p30_tkd1p00.pkl | logs/lambda/analysis/logs_cifar100_fixed_lambda_t1_compact/beta_0.3/fedavg/fixed_lambda0p30_tkd1p00.pkl
FL algorithm,CIFAR-100,FedAvg,"mean(beta=0.5,beta=0.3)",Adaptive,67.29716666666667,logs/lambda/adaptive/logs_soft_adaptive_tuning_stage1/beta_0.5/fedavg/soft_b_tkd1p00_lmax1p00_warm250_tau0p85.pkl | logs/lambda/adaptive/logs_soft_adaptive_tuning_stage1/beta_0.3/fedavg/soft_b_tkd1p00_lmax1p00_warm250_tau0p85.pkl
FL algorithm,CIFAR-100,FedProx,"mean(beta=0.5,beta=0.3)",Plain,66.82249999999999,logs/lambda/adaptive/logs_extension_completion/fedprox/beta_0.5/fedavg/plain_r500.pkl | logs/lambda/adaptive/logs_extension_completion/fedprox/beta_0.3/fedavg/plain_r500.pkl
FL algorithm,CIFAR-100,FedProx,"mean(beta=0.5,beta=0.3)",Fixed \lambda=0.3,67.88283333333334,logs/lambda/adaptive/logs_extension_fixed_lambda_competitors/fedprox/beta_0.5/fedavg/fixed_lambda0p30_tkd1p00_r500.pkl | logs/lambda/adaptive/logs_extension_fixed_lambda_competitors/fedprox/beta_0.3/fedavg/fixed_lambda0p30_tkd1p00_r500.pkl
FL algorithm,CIFAR-100,FedProx,"mean(beta=0.5,beta=0.3)",Adaptive,67.99383333333333,logs/lambda/adaptive/logs_soft_adaptive_extensions_no_warmup_fixed/fedprox/beta_0.5/fedavg/soft_b_tkd1p00_lmax1p00_warm250_tau0p85_r500.pkl | logs/lambda/adaptive/logs_extension_completion/fedprox/beta_0.3/fedavg/soft_b_tkd1p00_lmax1p00_warm250_tau0p85_r500.pkl
FL algorithm,CIFAR-100,MOON,"mean(beta=0.5,beta=0.3)",Plain,66.24316666666667,logs/lambda/adaptive/logs_extension_completion/moon/beta_0.5/fedavg/plain_r500.pkl | logs/lambda/adaptive/logs_extension_completion/moon/beta_0.3/fedavg/plain_r500.pkl
FL algorithm,CIFAR-100,MOON,"mean(beta=0.5,beta=0.3)",Fixed \lambda=0.3,67.36916666666667,logs/lambda/adaptive/logs_extension_fixed_lambda_competitors/moon/beta_0.5/fedavg/fixed_lambda0p30_tkd1p00_r500.pkl | logs/lambda/adaptive/logs_extension_fixed_lambda_competitors/moon/beta_0.3/fedavg/fixed_lambda0p30_tkd1p00_r500.pkl
FL algorithm,CIFAR-100,MOON,"mean(beta=0.5,beta=0.3)",Adaptive,67.04599999999999,logs/lambda/adaptive/logs_soft_adaptive_extensions_no_warmup_fixed/moon/beta_0.5/fedavg/soft_b_tkd1p00_lmax1p00_warm250_tau0p85_r500.pkl | logs/lambda/adaptive/logs_extension_completion/moon/beta_0.3/fedavg/soft_b_tkd1p00_lmax1p00_warm250_tau0p85_r500.pkl
Model (IID),TinyImageNet,ResNet18,IID,Plain,41.297999999999995,logs/lambda/adaptive/logs_extension_completion/tinyimagenet/iid/fedavg/plain_r100.pkl
Model (IID),TinyImageNet,ResNet18,IID,Fixed \lambda=0.3,45.582,logs/lambda/adaptive/logs_extension_fixed_lambda_competitors/tinyimagenet/iid/fedavg/fixed_lambda0p30_tkd1p00_r100.pkl
Model (IID),TinyImageNet,ResNet18,IID,Adaptive,46.15066666666667,logs/lambda/adaptive/logs_extension_short_horizon_warmup50/tinyimagenet/iid/fedavg/soft_b_tkd1p00_lmax1p00_warm50_tau0p85_r100.pkl
Model (IID),TinyImageNet,MobileNetV2,IID,Plain,31.30766666666667,logs/lambda/adaptive/logs_final_extension_matrix/model/mobilenet/tinyimagenet/iid/mobilenet/plain_r100.pkl
Model (IID),TinyImageNet,MobileNetV2,IID,Fixed \lambda=0.3,29.56666666666667,logs/lambda/adaptive/logs_final_extension_matrix/model/mobilenet/tinyimagenet/iid/mobilenet/fixed_lambda0p30_tkd1p00_r100.pkl
Model (IID),TinyImageNet,MobileNetV2,IID,Adaptive,30.279333333333334,logs/lambda/adaptive/logs_final_extension_matrix/model/mobilenet/tinyimagenet/iid/mobilenet/soft_b_tkd1p00_lmax1p00_warm50_tau0p85_r100.pkl
FL algorithm,TinyImageNet,FedAvg,"mean(beta=0.5,beta=0.3)",Plain,38.959833333333336,logs/lambda/adaptive/logs_extension_completion/tinyimagenet/beta_0.5/fedavg/plain_r100.pkl | logs/lambda/adaptive/logs_extension_completion/tinyimagenet/beta_0.3/fedavg/plain_r100.pkl
FL algorithm,TinyImageNet,FedAvg,"mean(beta=0.5,beta=0.3)",Fixed \lambda=0.3,42.33733333333333,logs/lambda/adaptive/logs_extension_fixed_lambda_competitors/tinyimagenet/beta_0.5/fedavg/fixed_lambda0p30_tkd1p00_r100.pkl | logs/lambda/adaptive/logs_extension_fixed_lambda_competitors/tinyimagenet/beta_0.3/fedavg/fixed_lambda0p30_tkd1p00_r100.pkl
FL algorithm,TinyImageNet,FedAvg,"mean(beta=0.5,beta=0.3)",Adaptive,42.91833333333334,logs/lambda/adaptive/logs_extension_short_horizon_warmup50/tinyimagenet/beta_0.5/fedavg/soft_b_tkd1p00_lmax1p00_warm50_tau0p85_r100.pkl | logs/lambda/adaptive/logs_extension_short_horizon_warmup50/tinyimagenet/beta_0.3/fedavg/soft_b_tkd1p00_lmax1p00_warm50_tau0p85_r100.pkl
FL algorithm,TinyImageNet,FedProx,"mean(beta=0.5,beta=0.3)",Plain,38.87916666666668,logs/lambda/adaptive/logs_ofat_matrix_no_resnet50/tinyimagenet/mechanism_fedprox/default/beta_0.5/mechanism_fedprox/plain_r100.pkl | logs/lambda/adaptive/logs_ofat_matrix_no_resnet50/tinyimagenet/mechanism_fedprox/default/beta_0.3/mechanism_fedprox/plain_r100.pkl
FL algorithm,TinyImageNet,FedProx,"mean(beta=0.5,beta=0.3)",Fixed \lambda=0.3,42.37166666666667,logs/lambda/adaptive/logs_ofat_matrix_no_resnet50/tinyimagenet/mechanism_fedprox/default/beta_0.5/mechanism_fedprox/fixed_lambda0p30_tkd1p00_r100.pkl | logs/lambda/adaptive/logs_ofat_matrix_no_resnet50/tinyimagenet/mechanism_fedprox/default/beta_0.3/mechanism_fedprox/fixed_lambda0p30_tkd1p00_r100.pkl
FL algorithm,TinyImageNet,FedProx,"mean(beta=0.5,beta=0.3)",Adaptive,43.10966666666667,logs/lambda/adaptive/logs_final_extension_matrix/mechanism/fedprox/tinyimagenet/beta_0.5/fedprox/soft_b_tkd1p00_lmax1p00_warm50_tau0p85_r100.pkl | logs/lambda/adaptive/logs_ofat_matrix_no_resnet50/tinyimagenet/mechanism_fedprox/default/beta_0.3/mechanism_fedprox/soft_b_tkd1p00_lmax1p00_warm50_tau0p85_r100.pkl
FL algorithm,TinyImageNet,MOON,"mean(beta=0.5,beta=0.3)",Plain,38.98116666666667,logs/lambda/adaptive/logs_ofat_matrix_no_resnet50/tinyimagenet/mechanism_moon/default/beta_0.5/mechanism_moon/plain_r100.pkl | logs/lambda/adaptive/logs_ofat_matrix_no_resnet50/tinyimagenet/mechanism_moon/default/beta_0.3/mechanism_moon/plain_r100.pkl
FL algorithm,TinyImageNet,MOON,"mean(beta=0.5,beta=0.3)",Fixed \lambda=0.3,42.60016666666667,logs/lambda/adaptive/logs_ofat_matrix_no_resnet50/tinyimagenet/mechanism_moon/default/beta_0.5/mechanism_moon/fixed_lambda0p30_tkd1p00_r100.pkl | logs/lambda/adaptive/logs_ofat_matrix_no_resnet50/tinyimagenet/mechanism_moon/default/beta_0.3/mechanism_moon/fixed_lambda0p30_tkd1p00_r100.pkl
FL algorithm,TinyImageNet,MOON,"mean(beta=0.5,beta=0.3)",Adaptive,42.99249999999999,logs/lambda/adaptive/logs_ofat_matrix_no_resnet50/tinyimagenet/mechanism_moon/default/beta_0.5/mechanism_moon/soft_b_tkd1p00_lmax1p00_warm50_tau0p85_r100.pkl | logs/lambda/adaptive/logs_ofat_matrix_no_resnet50/tinyimagenet/mechanism_moon/default/beta_0.3/mechanism_moon/soft_b_tkd1p00_lmax1p00_warm50_tau0p85_r100.pkl
Model (IID),ImageNet100-64,ResNet18,IID,Plain,56.794,logs/lambda/adaptive/logs_extension_completion/imagenet100_64/iid/fedavg/plain_r100.pkl
Model (IID),ImageNet100-64,ResNet18,IID,Fixed \lambda=0.3,61.620000000000005,logs/lambda/adaptive/logs_extension_fixed_lambda_competitors/imagenet100_64/iid/fedavg/fixed_lambda0p30_tkd1p00_r100.pkl
Model (IID),ImageNet100-64,ResNet18,IID,Adaptive,61.68733333333333,logs/lambda/adaptive/logs_extension_short_horizon_warmup50/imagenet100_64/iid/fedavg/soft_b_tkd1p00_lmax1p00_warm50_tau0p85_r100.pkl
Model (IID),ImageNet100-64,MobileNetV2,IID,Plain,45.311333333333316,logs/lambda/adaptive/logs_final_extension_matrix/model/mobilenet/imagenet100_64/iid/mobilenet/plain_r100.pkl
Model (IID),ImageNet100-64,MobileNetV2,IID,Fixed \lambda=0.3,43.69733333333334,logs/lambda/adaptive/logs_final_extension_matrix/model/mobilenet/imagenet100_64/iid/mobilenet/fixed_lambda0p30_tkd1p00_r100.pkl
Model (IID),ImageNet100-64,MobileNetV2,IID,Adaptive,44.62466666666666,logs/lambda/adaptive/logs_final_extension_matrix/model/mobilenet/imagenet100_64/iid/mobilenet/soft_b_tkd1p00_lmax1p00_warm50_tau0p85_r100.pkl
FL algorithm,ImageNet100-64,FedAvg,"mean(beta=0.5,beta=0.3)",Plain,53.056,logs/lambda/adaptive/logs_extension_completion/imagenet100_64/beta_0.5/fedavg/plain_r100.pkl | logs/lambda/adaptive/logs_extension_completion/imagenet100_64/beta_0.3/fedavg/plain_r100.pkl
FL algorithm,ImageNet100-64,FedAvg,"mean(beta=0.5,beta=0.3)",Fixed \lambda=0.3,55.86766666666667,logs/lambda/adaptive/logs_extension_fixed_lambda_competitors/imagenet100_64/beta_0.5/fedavg/fixed_lambda0p30_tkd1p00_r100.pkl | logs/lambda/adaptive/logs_extension_fixed_lambda_competitors/imagenet100_64/beta_0.3/fedavg/fixed_lambda0p30_tkd1p00_r100.pkl
FL algorithm,ImageNet100-64,FedAvg,"mean(beta=0.5,beta=0.3)",Adaptive,56.64700000000001,logs/lambda/adaptive/logs_extension_short_horizon_warmup50/imagenet100_64/beta_0.5/fedavg/soft_b_tkd1p00_lmax1p00_warm50_tau0p85_r100.pkl | logs/lambda/adaptive/logs_extension_short_horizon_warmup50/imagenet100_64/beta_0.3/fedavg/soft_b_tkd1p00_lmax1p00_warm50_tau0p85_r100.pkl
FL algorithm,ImageNet100-64,FedProx,"mean(beta=0.5,beta=0.3)",Plain,52.78366666666667,logs/lambda/adaptive/logs_final_extension_matrix/mechanism/fedprox/imagenet100_64/beta_0.5/fedprox/plain_r100.pkl | logs/lambda/adaptive/logs_ofat_matrix_no_resnet50/imagenet100_64/mechanism_fedprox/default/beta_0.3/mechanism_fedprox/plain_r100.pkl
FL algorithm,ImageNet100-64,FedProx,"mean(beta=0.5,beta=0.3)",Fixed \lambda=0.3,55.60533333333335,logs/lambda/adaptive/logs_ofat_matrix_no_resnet50/imagenet100_64/mechanism_fedprox/default/beta_0.5/mechanism_fedprox/fixed_lambda0p30_tkd1p00_r100.pkl | logs/lambda/adaptive/logs_ofat_matrix_no_resnet50/imagenet100_64/mechanism_fedprox/default/beta_0.3/mechanism_fedprox/fixed_lambda0p30_tkd1p00_r100.pkl
FL algorithm,ImageNet100-64,FedProx,"mean(beta=0.5,beta=0.3)",Adaptive,56.31866666666666,logs/lambda/adaptive/logs_ofat_matrix_no_resnet50/imagenet100_64/mechanism_fedprox/default/beta_0.5/mechanism_fedprox/soft_b_tkd1p00_lmax1p00_warm50_tau0p85_r100.pkl | logs/lambda/adaptive/logs_ofat_matrix_no_resnet50/imagenet100_64/mechanism_fedprox/default/beta_0.3/mechanism_fedprox/soft_b_tkd1p00_lmax1p00_warm50_tau0p85_r100.pkl
FL algorithm,ImageNet100-64,MOON,"mean(beta=0.5,beta=0.3)",Plain,52.99733333333333,logs/lambda/adaptive/logs_ofat_matrix_no_resnet50/imagenet100_64/mechanism_moon/default/beta_0.5/mechanism_moon/plain_r100.pkl | logs/lambda/adaptive/logs_ofat_matrix_no_resnet50/imagenet100_64/mechanism_moon/default/beta_0.3/mechanism_moon/plain_r100.pkl
FL algorithm,ImageNet100-64,MOON,"mean(beta=0.5,beta=0.3)",Fixed \lambda=0.3,55.93933333333332,logs/lambda/adaptive/logs_ofat_matrix_no_resnet50/imagenet100_64/mechanism_moon/default/beta_0.5/mechanism_moon/fixed_lambda0p30_tkd1p00_r100.pkl | logs/lambda/adaptive/logs_ofat_matrix_no_resnet50/imagenet100_64/mechanism_moon/default/beta_0.3/mechanism_moon/fixed_lambda0p30_tkd1p00_r100.pkl
FL algorithm,ImageNet100-64,MOON,"mean(beta=0.5,beta=0.3)",Adaptive,56.647000000000006,logs/lambda/adaptive/logs_ofat_matrix_no_resnet50/imagenet100_64/mechanism_moon/default/beta_0.5/mechanism_moon/soft_b_tkd1p00_lmax1p00_warm50_tau0p85_r100.pkl | logs/lambda/adaptive/logs_ofat_matrix_no_resnet50/imagenet100_64/mechanism_moon/default/beta_0.3/mechanism_moon/soft_b_tkd1p00_lmax1p00_warm50_tau0p85_r100.pkl
